{
  "2010": {
    "Algeria": 49.52015917,
    "Angola": 50.55165755,
    "Benin": 50.33473366,
    "Botswana": 51.09148682,
    "Burkina Faso": 50.41644102,
    "Burundi": 50.57577534,
    "Cabo Verde": 50.0519645,
    "Cameroon": 50.08271867,
    "Central African Republic": 50.49561579,
    "Chad": 50.1185897,
    "Comoros": 49.59706885,
    "Congo, Dem. Rep.": 50.21731897,
    "Congo, Rep.": 50.24472722,
    "Cote d'Ivoire": 49.2205599,
    "Djibouti": 46.78705156,
    "Egypt": 49.48575205,
    "Equatorial Guinea": 45.59355263,
    "Eswatini": 52.83934409,
    "Ethiopia": 50.10554774,
    "Gabon": 49.40627259,
    "Gambia, The": 50.37249073,
    "Ghana": 49.42057612,
    "Guinea": 52.33138818,
    "Guinea-Bissau": 51.52722016,
    "Kenya": 50.34855488,
    "Lesotho": 51.39741678,
    "Liberia": 49.93019145,
    "Libya": 48.94453026,
    "Madagascar": 50.18686494,
    "Malawi": 50.79516925,
    "Mali": 50.05085269,
    "Mauritania": 50.00452178,
    "Mauritius": 50.43258841,
    "Morocco": 50.69526738,
    "Mozambique": 51.76142328,
    "Namibia": 51.6718054,
    "Niger": 50.03037228,
    "Nigeria": 49.4261381,
    "Rwanda": 50.98402903,
    "Sao Tome and Principe": 50.01607788,
    "Senegal": 51.31531487,
    "Seychelles": 48.40533345,
    "Sierra Leone": 50.2371238,
    "Somalia": 50.04898751,
    "South Africa": 50.66185587,
    "South Sudan": 50.01774226,
    "Sudan": 50.11644227,
    "Tanzania": 50.12132178,
    "Togo": 50.39248333,
    "Tunisia": 50.13718067,
    "Uganda": 50.92284904,
    "Zambia": 50.62091053,
    "Zimbabwe": 52.36136732
  },
  "2011": {
    "Algeria": 49.52295379,
    "Angola": 50.55946452,
    "Benin": 50.30449234,
    "Botswana": 51.20442233,
    "Burkina Faso": 50.37000258,
    "Burundi": 50.55533317,
    "Cabo Verde": 49.93224525,
    "Cameroon": 50.07106917,
    "Central African Republic": 50.48310124,
    "Chad": 50.11283889,
    "Comoros": 49.58971267,
    "Congo, Dem. Rep.": 50.19919586,
    "Congo, Rep.": 50.21350028,
    "Cote d'Ivoire": 49.26862169,
    "Djibouti": 46.61514799,
    "Egypt": 49.47742173,
    "Equatorial Guinea": 45.37569121,
    "Eswatini": 52.71695075,
    "Ethiopia": 50.08879195,
    "Gabon": 49.31050101,
    "Gambia, The": 50.37816358,
    "Ghana": 49.40609262,
    "Guinea": 52.30987426,
    "Guinea-Bissau": 51.48036207,
    "Kenya": 50.34281827,
    "Lesotho": 51.29481938,
    "Liberia": 49.913104,
    "Libya": 49.04586488,
    "Madagascar": 50.17955323,
    "Malawi": 50.78567085,
    "Mali": 50.03367475,
    "Mauritania": 49.98102064,
    "Mauritius": 50.43258832,
    "Morocco": 50.66526732,
    "Mozambique": 51.72654884,
    "Namibia": 51.65554009,
    "Niger": 49.99434991,
    "Nigeria": 49.41223579,
    "Rwanda": 50.96575618,
    "Sao Tome and Principe": 49.97371573,
    "Senegal": 51.33918591,
    "Seychelles": 48.29672841,
    "Sierra Leone": 50.22335012,
    "Somalia": 50.06421545,
    "South Africa": 50.65350564,
    "South Sudan": 50.00634238,
    "Sudan": 50.12696015,
    "Tanzania": 50.11070091,
    "Togo": 50.37332819,
    "Tunisia": 50.19644621,
    "Uganda": 50.93498262,
    "Zambia": 50.60706191,
    "Zimbabwe": 52.38900871
  },
  "2012": {
    "Algeria": 49.51954316,
    "Angola": 50.55922781,
    "Benin": 50.27003098,
    "Botswana": 51.38027929,
    "Burkina Faso": 50.32524398,
    "Burundi": 50.53747613,
    "Cabo Verde": 49.87599977,
    "Cameroon": 50.06160733,
    "Central African Republic": 50.47154107,
    "Chad": 50.10837914,
    "Comoros": 49.58300236,
    "Congo, Dem. Rep.": 50.18154758,
    "Congo, Rep.": 50.18443762,
    "Cote d'Ivoire": 49.31161783,
    "Djibouti": 46.64326788,
    "Egypt": 49.47098455,
    "Equatorial Guinea": 45.17824535,
    "Eswatini": 52.5260705,
    "Ethiopia": 50.06824119,
    "Gabon": 49.22782891,
    "Gambia, The": 50.38356553,
    "Ghana": 49.39164011,
    "Guinea": 52.27908628,
    "Guinea-Bissau": 51.43662137,
    "Kenya": 50.33820877,
    "Lesotho": 51.1767812,
    "Liberia": 49.89428536,
    "Libya": 49.14579022,
    "Madagascar": 50.17125393,
    "Malawi": 50.77303145,
    "Mali": 50.02312965,
    "Mauritania": 49.95851943,
    "Mauritius": 50.43458698,
    "Morocco": 50.61731433,
    "Mozambique": 51.69206867,
    "Namibia": 51.64078173,
    "Niger": 49.95817133,
    "Nigeria": 49.39905298,
    "Rwanda": 50.94703454,
    "Sao Tome and Principe": 49.96072062,
    "Senegal": 51.3601786,
    "Seychelles": 48.299283,
    "Sierra Leone": 50.21005317,
    "Somalia": 50.07879761,
    "South Africa": 50.64531013,
    "South Sudan": 49.9969645,
    "Sudan": 50.12038118,
    "Tanzania": 50.10448954,
    "Togo": 50.35677869,
    "Tunisia": 50.26526707,
    "Uganda": 50.93538819,
    "Zambia": 50.58569743,
    "Zimbabwe": 52.41736865
  },
  "2013": {
    "Algeria": 49.51219758,
    "Angola": 50.55386372,
    "Benin": 50.23390255,
    "Botswana": 51.57962155,
    "Burkina Faso": 50.28221806,
    "Burundi": 50.5207592,
    "Cabo Verde": 49.86536132,
    "Cameroon": 50.05332627,
    "Central African Republic": 50.46114554,
    "Chad": 50.10472047,
    "Comoros": 49.57660776,
    "Congo, Dem. Rep.": 50.16464402,
    "Congo, Rep.": 50.15781708,
    "Cote d'Ivoire": 49.350651,
    "Djibouti": 46.80175162,
    "Egypt": 49.46645681,
    "Equatorial Guinea": 45.00265698,
    "Eswatini": 52.28942911,
    "Ethiopia": 50.04630826,
    "Gabon": 49.16013142,
    "Gambia, The": 50.38743031,
    "Ghana": 49.37762427,
    "Guinea": 52.23680808,
    "Guinea-Bissau": 51.39435004,
    "Kenya": 50.33434984,
    "Lesotho": 51.05455779,
    "Liberia": 49.87393891,
    "Libya": 49.23958325,
    "Madagascar": 50.16244101,
    "Malawi": 50.758781,
    "Mali": 50.01579953,
    "Mauritania": 49.93612307,
    "Mauritius": 50.43991914,
    "Morocco": 50.56045247,
    "Mozambique": 51.65745124,
    "Namibia": 51.62668021,
    "Niger": 49.92247472,
    "Nigeria": 49.38662738,
    "Rwanda": 50.92863754,
    "Sao Tome and Principe": 49.96199421,
    "Senegal": 51.37476855,
    "Seychelles": 48.37093269,
    "Sierra Leone": 50.19691942,
    "Somalia": 50.09225939,
    "South Africa": 50.63934416,
    "South Sudan": 49.98903914,
    "Sudan": 50.10320977,
    "Tanzania": 50.10038955,
    "Togo": 50.34196196,
    "Tunisia": 50.33492806,
    "Uganda": 50.92529472,
    "Zambia": 50.56092998,
    "Zimbabwe": 52.44163873
  },
  "2014": {
    "Algeria": 49.50393961,
    "Angola": 50.54710022,
    "Benin": 50.19940528,
    "Botswana": 51.74701561,
    "Burkina Faso": 50.24100665,
    "Burundi": 50.5036061,
    "Cabo Verde": 49.86860283,
    "Cameroon": 50.04495444,
    "Central African Republic": 50.45225642,
    "Chad": 50.10124739,
    "Comoros": 49.57097144,
    "Congo, Dem. Rep.": 50.14878853,
    "Congo, Rep.": 50.13387264,
    "Cote d'Ivoire": 49.3871114,
    "Djibouti": 46.99106605,
    "Egypt": 49.46382994,
    "Equatorial Guinea": 44.85058448,
    "Eswatini": 52.03676273,
    "Ethiopia": 50.02593934,
    "Gabon": 49.10969895,
    "Gambia, The": 50.39147012,
    "Ghana": 49.36456454,
    "Guinea": 52.18028566,
    "Guinea-Bissau": 51.35175218,
    "Kenya": 50.33073082,
    "Lesotho": 50.94330759,
    "Liberia": 49.85291918,
    "Libya": 49.32149897,
    "Madagascar": 50.15372471,
    "Malawi": 50.74459393,
    "Mali": 50.0075498,
    "Mauritania": 49.91396359,
    "Mauritius": 50.45170362,
    "Morocco": 50.50660443,
    "Mozambique": 51.62226617,
    "Namibia": 51.61276417,
    "Niger": 49.8882391,
    "Nigeria": 49.37497864,
    "Rwanda": 50.91145689,
    "Sao Tome and Principe": 49.97113326,
    "Senegal": 51.37881189,
    "Seychelles": 48.46519626,
    "Sierra Leone": 50.18330083,
    "Somalia": 50.10409674,
    "South Africa": 50.63809186,
    "South Sudan": 49.98193253,
    "Sudan": 50.08410866,
    "Tanzania": 50.09541826,
    "Togo": 50.32766195,
    "Tunisia": 50.39331766,
    "Uganda": 50.90670314,
    "Zambia": 50.53789359,
    "Zimbabwe": 52.45416293
  },
  "2015": {
    "Algeria": 49.49687651,
    "Angola": 50.54132816,
    "Benin": 50.16876952,